wallet,volume
0x2cc5146929a893d1d73bc34fb37815cc1a44ae33,2995444290.0366983
0xad4ac4eb660d2b2d78a062bf136610af15defd80,2094963358.9971056
0xac44f2d75876ead509a2ceb099bc14f9547b5db6,374347957.35194206
0x1b8b6098bd71314e4a4e1bb9a0f898399a16c9cc,270589878.96
0x575b83d47861531fd6722ac42a8fe1a821f61e4b,222051421.983913
0x36a7bf354606ed78dc996a9d596152cc6bb07640,156742420.06408393
0xb1ebd7f0c712943a757bb310282fd72ba7df00c2,130359590.49
0x57d453c7511ffa4ca522498cfb106837365f1b45,73676099.08
0xf1a4e203e822c4769d15a010a47600b650d20531,68422434.47235094
0xc3cb8e43928abaa156c249a9fd0a0c1c6ff5df38,56539194.305647
0xbe84c0e15c37b1fd5b278496b1bd3f06198f8308,49712497.370000005
0x3c7a3dd5fbbcb59cf61c50a212f7c581c4d77f21,37333723.35
0xce1ec96afdb8fe17dc4cf4add23ced210a7a5cac,35863122.61459201
0x2a1dde228f8e9918a4e92415d8c4a879ca62b644,31609504.21066801
0xaa7cba9da65b43efcb8109553f3eb14744d31c1b,30146337.593498997
0x2a8f86da8667b00838fd98fc7faff9b5bad22620,26909173.00962897
0x23b2f02aff7fbc06dd864126363cf5804e1d3594,25668180.62
0x8d789c76e9599118eafd7f5fd6999f6671cff55a,24952050.0
0x87cf613f533999de1314f4fc64142709139bc01d,22414928.0
0x55219a5bbbb7d57445895bbe985c8510d6623b19,21815099.1
0xb3464f2e29453a3d1a8c65bc9968123a5eb42850,20550406.0
0x9efd7c11e578546e3335ade54a3af9fe07cf1995,20393719.538068987
0x9d03f3fd7481717d591c5efc8ef969489157890d,19981612.48
0x34e5638223b148404930375558bcb918ce286da0,19131551.64410602
0xcd6746619c68950e82a03f6a12c696d523dc7716,18053601.607045013
0xe969803e5fe5ec8015d82c4e741f2348378e1f51,15783156.674769988
0xf4b69096338ec0cb6116f4c97517e8206e000a74,15644671.236641001
0x1dcef6368b932521ccf39957cb1e5119b9c4939b,15424512.23
0xef1bc9f850bd7e61b2828882c2e0295756b8f881,14942140.85
0xad0330eb337d08910861df4cd483c3a88e4e6f17,14783836.650000002
0xcd3fb585e910ee012138647408fc4aacd317bd94,14000029.918259941
0x5392bd00571157fa11103b0ee6d492c9563a6799,12462174.270478
0x552f99bda66d43de8715b191c01665adf2d135ba,11664685.424630053
0xbe316b3fdaf02eeea098c5e1d3c30fe72506531f,11367533.349714981
0x69cfba2646fb8fdbf13ffbf917aedffb1d45d0e7,10869728.372051978
0xac5ddb933025b3b2bc339a16d18915dcb0f8fea8,9985485.2
0x8863c50809fc835849a0726ea49b94b4203fc3a7,9427042.644331979
0xb40b2cd790d85cecfc9e0fda62c0e47908c77879,8623725.554240001
0x06346ae10848b4130b2587a1573543c8bcd2b882,8592586.513789
0xaa4403e0028ce3f5c81488b2cbeb8926ee287e2a,7746313.68929
0x06837997193ee94012a0533cd35cec1d6149b7cc,7610713.081668001
0x2d19cbbfea9fc39597b1cd668848bba12a94d553,6923952.124478976
0xe2172471b9cc64c8f656f7d8ed2ae9b5540d1a1c,5944296.733996
0xbd4a149d1a015f08fb7eda8a8a571c100fb39a8f,5770001.0
0x3b2eb240f04299ff04d740186763a4cd21842d75,5757366.991408023
0xa58d0bfa77444cc2afb4af4f511b58703a584afc,5603710.66
0x19ff77d038b6b8d6a391a4b3d0224fcf44926589,5372285.5600000005
0x718c90ba807379f05f4218272414b002f28fc3d2,5271530.921236022
0x97c3485e7ba8efb001fbe65b4c78947911e14065,5090887.887018
0xb4af68e92d770e47164db60b2381c5ee9a03f767,5000001.0
0xc7a017aadd1647baf141c3aa970ce8607d096534,4999900.0
0x73cb8df4a7f7d4fdf0583ddd5ff9c8cc8b808a1b,4983864.0
0x9194ec9a1042ce80c847ce0bd61f01be116ee8db,4928100.0
0xf7276b3ca0668203ef8bccdec18fb73e44ad3207,4761431.63
0x46b53294fc9c2b75cb750f09014bb98ec2e0f5ae,4730260.2
0xfcc08e7ab9a44a45a6eb6d8c9cfff3465dc3a422,4644384.149999999
0xbc0bcaf7efd518f5acae4f4d19355b9b6ede7b50,4599990.0
0x12b152682e3fa6691a9f50830a003a9058c107f9,4502532.529999999
0x06b157b6e629fd2da6195909801474dd44cadc67,4502432.0
0xe553ebf35a01e9bef634f031b92ec41fc44b83e0,4404400.0
0x1fd7673674df3b7a682482f2d793c1c58985fab9,4374895.776461
0x0306dcef95821ac04452d77c0b48ff2bd8b78e82,4349377.942954987
0xdf7265e957f24c8a8c2a3741dd15573648f73a20,4181751.207708
0x47d62299f3e2eb073614d0842b6ce27ccc83a2ed,4000500.988376
0xbc28d6d53e15935c70ce6dc46440c2951842babd,3529990.918527
0x0e8cc83f85731e9cabd8d5057bf29d6a60c28e5a,3516185.670601001
0x9b8ebf12f2e45f24e54deef525d063a14766bd53,3418924.361548029
0x751d1b08ac7f92c43632c3d694d187f0440bef24,3312672.0142530017
0x87dd4216114af0796ae40c7a3de9af8f37620d96,3096996.0737
0xadb50ad8766792f94e77dbfac66b65ba46751804,3000000.0
0xd37527774e570fcd2349877838ecabca47c8aae3,2981740.320504
0x2bc3fc866f740537b780d41ba74a9064b5bd451b,2952298.2079480216
0x01878ff551f088dc6b6405a964cbf26f57fb5807,2613893.500408
0x4ab66643a8e7fa348525232a6f33e1e9c192a41d,2549990.0
0x589745cf00190ced7e8b58719c2201b60d093bb7,2514388.93
0x76daa5b7ff9cb0fea7d3fdab6df8aed21d41ca3e,2500001.046578
0x4eea263c895f2602f3e7731916d7946a3929f117,2270532.3435
0xb50c19d229420071df3dd7d249dabd57927d4aa4,2264377.4849429997
0x7282b3f51c242d83c226473bfe0ae73d938dfdeb,2186834.01501102
0xbe47f9b81db79e41008ba6c4b60299f1a7cfb7aa,2087984.29
0x1f1fb6553e2e3a60de426dc838a2cfb4411ac85a,2075000.0
0xad146674df78daabe8e8b37ac49b9a70ea97a950,2047797.648345
0xf69f3535d6a76876735c834667c4f6b888974283,2014583.3699999999
0x6ba313547b1fc11fce019042c3f6389ab2a82b2f,2001000.0
0x7aba2c394e9defbeb32462c492cc91f87c132a1f,1996822.0
0xb855ae84240be2408d3008979e8e6a0d006d4242,1963201.951181
0xdea1c2b8109252b4f677f060e297ac41b6ca746c,1907495.4185490222
0x6776f457da19e33584e5d5911ff89d8c89684867,1879565.04
0x28b3455109c50161a36ad111e6fdc7eead0da2d8,1814188.2566150236
0x96ace70af5e89992d380eac613870414af2ef6ff,1800300.0
0x78cb9a089bfadfad1e0c638ed84b35fe3bc70763,1799995.8
0xf3a96c88508f1c2d495645ecf84f547a7bcee375,1761437.9188399692
0x3a9786db0d52f25f494977197551ec29e2812b07,1567415.9381590001
0x7033505c9ec9390e0fb2f18be21d7325f8f53002,1513055.45
0x417357d61d98fee2359dcca692080f0243bc1dd1,1506627.7499999993
0x5db364dcb449a9125ed7824d69a74d38a15fbd8a,1500812.1203840002
0xe09ea6c22cd136fb53a10d8f2afaba74e7d4135b,1480000.0
0xfda3a1058bf2fbdffece19e4afa96c5fde648658,1457000.0
0x7f49170585af119dd13418a4b47301f16457a180,1444104.9992619762
0x6fd1bb2670d6d0579684ea9421529bb81fef1503,1393105.0
0x67b8f6e983ca48bc7991ea8c5c8ad7c5b0c686ce,1383388.266518
0x664238540528cb1c7ffec8d3988934c4f079f757,1371390.332382
0x8089c505332db5d95fc323a43e6259c326e9f77b,1367231.338841
0x5686463d61e0304d35fce2721134889b108bb05b,1332000.0
0x86cfd5ef1af60824b69ffd100233f05af909e629,1306133.018469032
0x25bb76c782e9f4c3003b84761962d75d4cd78fbe,1199990.0
0xbdef0c4147a2a37b1c27d54187bd1d15bdbb0268,1182608.377824
0x91924f1486b9c5b4c2f4e494fe3162225fa2cd94,1180000.0
0x3db9796c902ff37e44b1c4fc24bde6d7eec4e881,1179173.238684
0xb4875c44fa2b00291637793196f077b197daaa87,1161311.711059
0x9882f467b1bf666b5e95f30c502989731e530592,1149811.628192
0xeb01222b450b4e19e4ad2b1c39a79ffdca66d131,1118049.0
0xa25eadb8589c6420424b97d3f3df8eaac9b86bad,1105835.37
0x6a481b4301bc217cc0749e3920173bd3b023b645,1000000.0
0xa1e6c1d76cb72aab67ea174fc3902a6de37880db,1000000.0
0x0c91fdf87e6f72cc1247a2067d4294361230c7df,987679.13708
0xb7426639b18214840fece536d1e083d59f91c1c1,916119.4154100002
0x7c462998f0983cfa54af9875406bbb1d899edd3a,902086.3687199755
0xe5afccc7bf2d82dfadf2c3ec97cc9fd35914c9c7,900000.0
0x7f8947b72cb6ae448d6bb63b2859b6fa1a2e716d,899792.7660490234
0x82c174219401b5c63fca543ff8e43c9af2160c44,897076.0
0x97814b6897aea7f39c735e0aff70f4cecb54a18e,895021.1
0xc5f64062384c04e64398da8317ebc2ef5eeed423,839371.442162
0xc2a1e8d43ec11155588bd6064208c5f62e9d487e,821967.25
0x27a12ef68da70d615d12dd1b525caacfe941d919,793270.068989
0x1a9756cbdc0ae533eacd7bf4936df83408d308b8,656100.0
0xc480b1a0dce82fd8b67fd38ab4530fa58b10e1e2,621313.0
0xf0bfff7045dfeb4f6e69350c1cf8ff1a7de0d7da,601995.9924
0x9260dbad912d74f3fdb09845d4218e80c27c8468,577138.59682
0x645c43aec13a4b055f4decc05b168b70d8dc9d84,567232.0
0x9984508270b2d7afc093668e918fe58d6bf1f717,564143.397565
0xa612212e50edbb810caf4b176582100dff32095e,520002.780773
0x060ecf0075d196025e8777cd38687bb7dbe34c53,511186.2714530238
0xa96f76b8ca93676ef605d901df5308360a4468af,502100.0
0x96b5d2e3a45f57b2c71bb45b3d46191d7c85d789,502068.8
0x67f752be02105fa87b00cba354830742381a4962,501404.12
0x01fe9b8186ada4cc463d47a6b2be7b1224736ee5,500500.0
0xff10a6c42166882a75aec3fb569effc70c7360a8,500130.0
0x2601d70515a73c7d0e1e70f0afe5bc46228ae93a,500100.0
0xf3a8d484cd142bb91c4346167e3edd7df1be2620,500100.0
0xd2fdd226506cff78cfd4ebefff0ff273a3c88ebb,500000.000002
0xc5563ced9d6426f3ee61516702f6feb583002d25,500000.0
0x0e7b6a56cbe5c5ded3ee668c31f18ac3363c4bca,500000.0
0x488efe36a5df808ac280a0b6c2a576a217538957,500000.0
0xcb73a44900d3c9fa0fc25721b1892a7e9baddf92,500000.0
0x7b1852baf37d9c27499a873cd0087882d87d4f40,500000.0
0x3c46c127e43e8853956d739bcf200a058e356857,500000.0
0x7697c480799b497cdef51b591690c817d7341b15,500000.0
0xe4bb1dfd65c7e8a1c71c52a0b560453f60eebe98,500000.0
0x57191275c16027939d4fd2356222ae369b6ad7f1,500000.0
0x5846bcd9749a3f3adb9aadc7895ee251f63f94e6,500000.0
0xdc1c95f2b3909cf2320710803e9dba9b8fca41f5,500000.0
0x1e8d92ff755962730b8e7b44b35bd97b8df80348,500000.0
0x3e7fe89e7a5eadf3a878dbfb2e03915eb610b01b,500000.0
0xd0f45b8fd072b769eed10a8458d06fdb673506fa,500000.0
0x851d80019a51e48283cc2cdad44c50990f3561a1,500000.0
0x965f67b38d4ba7cdb83e82107fc735fd4764e68b,500000.0
0xfe9c7ab1780377c09853419cda002e2ed813f81b,500000.0
0x283c3f6724ca0e3d72f77047bc3ed39e8d99564b,500000.0
0xf9603d99d715a4a21e9a39227cfeaaf6cd7cc890,499982.81
0x51d3581a8d366af080765cae7c3e5107219198e8,499980.32
0xdf43eede52632aedb10cf12e4a87ead65e9f8573,498700.18
0xc283fbbffd63434707acd8bdd356c6c5752bb4dd,498000.0
0x6cb167e9eb12c6cefa0a04a046956e8ec551e481,496189.039412
0x762b70ab6bb98ab90f70ebadca8f121ba52b646a,491916.397467
0x850f5a7bf279d9fcf07f5d1cd49b09d6eda0ec2c,491123.95
0x85d22d6a66ebb0e292d3a8e2684d57b02daf6727,490815.25999999995
0x3a9ec86afd44ba565839b746aacda093ca53a018,462605.62824
0x68a75eed640b411a5b71ba62f30bf99c80181ba3,459996.3
0x4b6e5c8f96bb1c8bd487487fb33b6d4b0c01eea6,456769.684
0x421a3456cfb86f97290593ffbde727a059823ac0,456012.331232
0xa3e81c49c751e52720934effcd25423d49fde3d2,455156.6102
0xf11782a49db23c68eb5923b7b937f5bdd264ee9d,451622.73
0xe67fe73219116ec7ce6cc8cc2f20fcc5e2276d1d,435900.39999999997
0x8444ea0454c5db5a3e0dbc29460c9c89de5e3e5a,413910.0
0x4cc3d329f3af36ebb8c10aa253f5b6de65593c71,413000.0
0xed2bf90cd60866a99ac43120b7642b864fa86124,400995.0
0x943d47f7e456b6e2f2515b9cfa5711485ef72a0e,400074.28035
0xb48f360a5f13b4b88defbfc486abf922fa93702c,400000.0
0xf3341d7d8755e59f3a7775e13d1193f8a5dc81f7,400000.0
0x6916f426c303509d9117dffb6309c59589ee7ec2,397147.161942
0xb5a3acc1e9b346cc2d2881bd11fd83614fd4b928,387953.0
0xd111450417e276aa2ed1b05264fdfda6e9c6cd6a,381000.0
0xf41f230f1b8ba11d836648060e6617faa58e4b94,377132.557199
0xb37b8a5d3a07234190bfbf9892e274f4b8da247a,350000.0
0xd8d90547bff842d38d69e24dbc50546fca978a03,350000.0
0x91d9bfbd88e52aeeb4e76c3cd763a6cfaad5960e,349574.733913
0xc2821e2314ba2aa4da528cb8cd155c98217492d5,340000.0
0xb3a4bdb6dce9449ead96e4379158e8f486c7c75a,335601.0
0x070d9e4f367967dd98a526d203c73b2189e14631,332364.85
0x821be50dc16a1124af494faf7bec14e9a27d8bf8,318500.0
0x74574ca138166c44373c7c11b4871d3a63ef2d13,311001.0
0xebce50989544d28898b062c392dc11b8d97ca6c5,311000.0
0x0591a478d2fbabe5ec19e93ad7f1dd94edea3157,310611.96583400003
0xe2e329f1108112b6869910411d7015543fec33a8,306042.08
0x1efd9fd4f89e6b2ffe38a2afcfed12cb33af3dff,305759.642725
0xb3064406918dc2384cbb5e47cbc9f14aa272c006,301000.0
0xcd99317ef990db4cd9356c805dcb3266173740bc,300460.0
0xe14d27b909dfd3ed25a0178e730ecc0e7144737a,300000.0
0xd82e9f8e416195fb98fd41883034af0a15eec5a8,300000.0
0xfa58eba5adc24cc7a4730cb6059e9147f31ac791,300000.0
0x20703ddad97ac1599e5eeee375e3e238d6ee6137,298810.390842
0x3bee1c0908491b265a1909c068e77aa410610005,290000.0
0x451f170c16de806f46cf1fe734c7a97341e335cd,288567.0
0x911a7729f5af5be48a9d31596e74b70f7f486712,283443.5033849764
0x5beeb39af159ac966dea56d87aa7311544d2bf31,281837.875593
0x5cde032e272c7cd6891c872312148f8062b1b94c,281700.01
0x9f41e50f7c57679e15c46ff624aa406e4127e4cc,279949.426914
0xcde58b03a3bf9a46fe71076ff81c17ce6903f20f,271239.682759
0x10f07e726704b7bae05988777552078fad7b72bd,257000.0
0xe60ae61395cc96be22fa599c17c529ce22f4bccd,252622.940245
0x253eadb3ec6cbacb4eb817fafcd4280c7da68b01,250500.0
0x81f2b571a297bae177f77f3013b9de2181f635a7,250011.0
0x76a6ab633c2e56ebfd20143702326062548b9813,250000.0
0xa20978eae811564142d8e3962c688599750628d5,250000.0
0x8ad027cb7044fa550512dc209687acb61153da39,249985.0
0x195036134ed1f9108b8718fcac7e25e60ca7abfb,249939.422248
0x531d1512d98726b48a4e6783ee1602ab658b18f5,249000.0
0x20a607a524ea7f350077f6e1690f534333af4428,248845.0
0xdb597c911cee548061d6642bdac01d81830058ee,245404.8
0xcb574907f6a38687195e3973510a7c86ace037ef,244564.15
0x61d54ec1fb56ace7a545655ca6e75d0980037e51,241316.2
0x4e8a4a75b3cb2ada02cb8aee3c72e713c6efa89b,233240.66
0x65a3b94d1948408e1ea2a1304017fd3296144c62,229418.8
0xde809d5b1f61678322af424f50da2a47acc561ac,227687.30205800105
0x9a59040b31e7ec2e4af636bd0cb669d73ed7d223,213006.0
0x80f88f9244dbffc7ef0ea4f2a124cf9a1fc85edc,206935.19318502373
0x27964aa730d15879581177baee92e1330f62afb9,206924.951101
0xae6d44eb65ccadd538c8b08a20d9055a340eb6a2,202854.23
0xc28a9bc8e637f12cd5cd754ec1949cd87aadbcef,200716.43
0xc646070927d27e62706e9fdd522327ebe166fd08,200010.0
0xa9d7064f12b30cc7fc2d4808d3d28c80591903ff,200000.0
0x48d1507d02e1d8e62a193ef0220e2976b8486eb9,200000.0
0x3147716435f7f59291480fd118c10e445a8970e5,200000.0
0x8a378848b276813c4d7d524fb8a89bb751324a3f,200000.0
0xd22f8d6212211a8d13f6fc1442c21e1aff5e9cdb,200000.0
0x3df19a1131be21b3c1eee338b85831a37927f566,200000.0
0xb6205e878e2cfbba408463f1df2baa75dfa352f2,200000.0
0xf4e6d7adbc5bfb1d4c168df186722293be79f363,200000.0
0xb924e3fc1f4d15c520cb3eaeda16e8d4a8e1892f,199995.248034
0x27842667fa6182c09ec53a81526c37a4d7ca98f1,196972.91182697655
0x677523e9e56fdc4e313463934913cc07054eda7d,190000.0
0xfdc189bbc97e9128c2b8b7533e0800d86a9d4c90,189816.169162
0x28ddefda7d56b613a9a2883f34820b38195d43a0,181425.0
0x9e2f6c8dc41ca2b21005b21dbd7aa1d2187bb79c,177955.0
0x4a41f3f0e0c0e3419b66c0c5251d64c7612a9e6d,174000.0
0xacfe2d5fecd2f9538e5d87916a4ebc668308f678,169524.742938
0x82e03fbf02e0db3bea35449c41e49e01d3d65848,165000.0
0xca0a9fb9b38c6d6554fd2e0e1600484cd583b880,164000.0
0x3ea7a28131fb3e8270acd2eaa1e6ee1afafc3d2e,163450.4
0x689eff18fe2a490859429f1032519e7d2f60f753,160100.0
0x9fae560efb660aac4508e1c2616d9d4e84c2bea6,156238.0
0xb43ce97938a0b309250d4c9d7fe2f61137ffa696,156137.4
0xf4c3e1833546d879ddb652f009ce0b245a11d76a,155213.364813
0x8c95ff322f332ca7b4d5972a2d790b5cef0e2a42,155000.0
0xfa01503bdf72bf17c90e579fcf6786fedb22ec4f,150552.96
0x879df7e7b015842d9d7b505295d1c5ebc39a2c1f,149971.0228
0x45260e9669e2e74c28a639b235c0d08d83d28713,149841.96
0x2aecb5d569712e33b4a20952d96619ec9d24ea9b,149467.34999999998
0xb1532f2ab9659343e51c5f1cb4a8be2b74b117c9,149000.0
0xa635ffd0ec5a2e05a1ada1d949c4d72317624668,148456.43
0x2746143352d2b90b0aa86a6c2efa0a7b28aa2ef1,144818.123788
0x305773092d594634ab940c740e2c2ad878dec7c6,144000.0
0xd8275ad3b425293a6713329dcdd503fc31dda7b3,138795.0
0x17fe45c2abadf27309feedd8d5e6cffa8f815a99,134000.0
0xa7701c8c0c36d6cc7bab233aac4b5bd6cac14534,129407.86021799999
0x9f539c4da4aaa538b9c20a754d09a2abadfb3c1e,128704.51262000001
0x72f5610476aeeca5098b131b7ea502a864df1a6d,128556.0
0x80702a2b7cf69187b3e76afc07dbb0ca4db0daaf,117605.95938697763
0x4b7d6c3cea01f4d54a9cad6587da106ea39da1e6,114305.49946100001
0x176a275eac482aeb8d5331b14fbf6d077ee586ad,113546.38971
0x6bf53d65c9d28826f77d971158dda3c97642df05,110050.0
0x2598d5a776eee7aa882330376579f372058346c6,110000.0
0xfd44bb846b38aebe5b69c0d831fcc257b18ae09a,109334.0
0x3d0e76df5fdfc9625fe0db7285c1d6604ffd724d,108204.36
0x13d03ee13c12298bb6ec072df6feebca974aad88,106603.7
0x575d83c095fb34d2812e77d3b566a620380a598a,105000.0
0xd2854adfe5d85360a04f1e5933eb2d835bbeb943,105000.0
0x0a81c01be46afe315df14c064f15d2edad23e3c0,104535.13627
0x2b11fbbbbca461109b01bf7203c7a65c1eb8827c,101611.037084
0x8a49827d0b783f413549ae23b7c22888ccb4e6dc,101162.473818
0x6247e9daee60a393db8554e9a1567d3b2633ad54,100809.404371
0xbc1ae798cee02118782fcae145ef1afded3f7984,100663.0
0xaf8ef446b3e3b0317974e234f165bc49c96c6aa9,100010.0
0x38f42dfafede887d9f280ed5d7ed4ca36b97a61e,100001.0
0x49e13b15db923a086bcfe5a44f75e9c4dd20754a,100000.289169
0x61792ab526329d2afa7bb5d43a1cd634e07b98c0,100000.0
0x6c3021f2acb3ecfc6dcac18dfe70e90c12adc75f,100000.0
0x6b02940f37173dfeb9209fe4209e76ac0e301f3c,100000.0
0x85f226dfdd714444f5ac654be63081b85417beb2,100000.0
0xac2d4c5ee9bce30f7bfa674c7f3b907c485d0ef7,100000.0
0xb2513fb17000c51232eb19a82a246d34641cca5e,100000.0
0xf0a1682f86cdba8412706f56a1a89deb54fd9bea,100000.0
0x014866193677eba8e96590831c9b840ffeaf5cb6,100000.0
0x57a919e06c24945aa2254e54a8cabd74a01cfe76,100000.0
0xbed7339b60c333323e5f33099e05bf18357a79e8,100000.0
0xfb7f7363e24d8ea3c05ef5f43b06f0cfccb59269,100000.0
0xbb19896460a911d611b0aedce754e139c7106692,100000.0
0x34bfccf4720ccff3fbe184af91bb75bf309ea8d8,100000.0
0xc8a9d6bcd742816d519282562ea7cebb7d2cc06b,100000.0
0x97e974df3ff81428dca6aa45f982bad7400bc341,99996.45
0x553e460c0cc596bc64c63c77bc181af1ba5ed22b,99800.15
0x8081649d60ace23df3bc1ae1c2006a003f349b80,99177.905107
0x50c5eea9ca36f01a32c888b614231177e23608d2,93527.990022
0x0924336c3630a87a5d6fd7176ca6dc8e0ff9f9c7,92578.8
0x6ee33fcfe23eb7c0ca6161087327e8d20eb8ba25,90000.0
0x0364173fd3c4d992ba98eef916904fca893e8af4,90000.0
0xe6cb9643966e32c1df9f342e80140391682c8b06,89148.03202
0xb4ad0087ed229798aa002357000ba74b977fc655,87712.56346599999
0x56716ca7787bc771d0f6ec8fa9c845e5266cee21,87568.201297
0x1ce5bd004e7d5cf24d3d2d66acc8b67c54b5586c,85000.0
0x1541fe35a3e9f2a476c08b4d5022ffb5a25e43ba,84900.0
0x59391ce3e40b724033f2ab7293b4bd9674245011,84462.113418
0xf0656dfd802a147b9e1308ae92943d8129a04da3,83150.429009
0xd2cd50476903d501e4a2a8c85017e3490efd422f,83134.2096
0x3fc6758484e3abf68a4c3f2bf5afe14abad4e914,82558.0
0xa070b9b51c54206bc48568307aa5027ed8e4532b,81723.152785
0xb5e4b2c0b3f750f9e2a93b52974c5203aac3f7b4,81200.0
0x9f50f1f78c48919c960c553a53a197f4cce5f975,78081.51088
0xb47ef72090fc7fc83aee6f3cf7d2338dda57a7bb,77896.45
0xc7e098ab1a9845823ba02cf25c9fdf6b31c0eb99,75000.0
0x017087c3d5229c68bb99a12b9dd34568ae28fb70,75000.0
0x2b4596fcbbf10159693c3244632e2a0f9df91ae5,74982.59733
0x2997123dc2a661a980e636117c92209fa4d21c16,74262.09
0xc0d7f9d1e6da5a49dd6c40637fb13fb0ea20d5e1,71787.6
0x461dd07bcba33d1c27eec6dd83463b54515cad43,71355.783557
0x75c6337c931b05bfb6113973a8ba660b4b4e617f,71226.75000000001
0xefb8ef522f20f38c7fdfbdf0e43e486ed2ff781d,70205.002528
0x91fd6af964ea1db3ed3ef42f21ca3d67b178f101,70006.0
0xcccd42c92d2f358fdbf5005591997aed2e0a8e52,70000.0
0xe9fd057d24d0db37193e623759146e39c433e98e,70000.0
0x0f6d09c58a6028e2ec24961bc0eaf37f5cae1782,69846.6326
0xbf0935b6279f4cba9d1bce08a123953dacd89c4c,68861.9631
0x3712a17baf6b5dbeaf1e5402e69883f2b40d5080,66591.3
0xd02f40c42b1ea2d0bfc148b2f58a102a656ec9ed,66500.42
0x2a7760d9be294ff20756cad3e58556bea2ba8e33,65943.48
0xbf204982b6dd29aba2e87f8a40c70275ce9d79b8,65000.0
0x48e9abaae4ad9b6d095d74e5325edfaacc3ab34e,65000.0
0x1c3696db22ffcb7d89a0c9cbd8fb8db928102ec7,63649.499746999994
0x48c5f8ed7d84fcfcdc53557eab8f4f96bdc00847,63422.893583
0x36e3303bb455a75e195c2e79fd105f97bcf4c3ed,61739.04972
0xb8c9b48d1a628eab5ce9772caefa4ada1a66ebf8,60973.0
0x7e92005ac67b24acf80afa3637784dbf529ad59d,60000.0
0x967317c0b2c9c183072dab46b8db5dc8491d86b4,60000.0
0xf558ed18f11d3e1016821ece99474db2c4bf2de5,57292.673541
0x82f0e40bd7eb3415ff5ba664411ff1a1f15d4a9b,55933.032203
0xf825c49a929d09ccf47e705c12579ec37d267286,55093.250047
0x470187c5dc92133917d674200ed0b3a5853367d1,55000.0
0x282d0c5f6853714cd84d9a545115866b1212df9a,53821.950000000004
0xfc60582625c62a77f98ae73662f3408fe1134b28,51100.0
0x4d7cbbde753c6f44816763a0a0a58e8c64f814a2,50413.9885
0x67ad16f56ea8730820512ef2b09ccc59e10aad86,50167.0
0x1e2d6d5c6ca9d0297f07ed8ee4e9b0048a2eec2c,50122.962258
0x1b76d0c6d2a5d419228b44baed2690a440638cec,50100.0
0x8c0be9ac76acd159cc703d16ae26a79582699199,50005.0
0xb422c078b70337b8a14b83d4059f70fcbe4ba004,50000.0
0x83f8594d12851db7e48470af3400ef112b2a7ac8,50000.0
0x988f120568584bfa23d226553072379b2a1e2cf6,50000.0
0xf79b5ff0622c5b4fa0acad6aa12d72ffec79bd98,50000.0
0x46c9f8f76bfda410216b70fb0b09d55271c6ddf5,50000.0
0x2fd3ebfdba63d1b06332f087e599197e532b7b93,49985.0
0x23e6ad9ddd38be5535c5c14a8cdebbdd7d082006,49500.0
0xdb7946c2890b6325ac22987c705f20ec64212d9b,49139.970439
0x15a763e65aec236284f2e45463ccfc1f0b210725,49011.68
0x7c9b79836ba006e0a3b02446ccfbebbf3e2b6863,48730.0
0x022cffd17938b17759e95cf75f2c408c83adace7,48566.504035000005
0x73cb16b46a18dd9f13edd4c54a6e4e7614bac7ae,48409.8
0x08530d2abe7cf70db300eaeef9568a06ee7e116c,48018.4086
0x7d67105b9e453dd3554d617760daf1f0115b62b1,47241.103503
0xaeed0ef56edd6a81d62dd6b9f5dd45e2f2e553d3,45000.0
0xa8b009d600912f703b085d4d5fbdc3ee71ae73cb,44957.646611
0x99d530929d5ce807278172921283fdaebef195ea,44226.918251
0x93d40381a192b9a08dcba61a419d064209694a22,43942.708769
0x7e26dec1e8542f1c3f968a48484e24e1385efc64,42421.205453999995
0xa111d3ea1b5aeea0d7b00c54e492db1969b0db8c,41995.470642
0x71f083a554a27b508e9d31e137bd760d3a385035,41490.1
0xc6f2e3010da80fe8d31daa0ea7783cf476d85afb,40873.0
0x3f8bf7b1f5998bf6b04ba04278eb5def5f0ecd6a,40337.026
0x4c1d2950a4755e211b7f198b5acd583b033f5e15,40218.320002
0x624f35c561d47a5cab9e84f7d72d8d4c515fcdf2,40000.003457
0x5202478a4f9d451bb5855c64f0b12f4eb068ea30,40000.0
0xbd0ee12863f774696910c20ad1dcff4afaf7eba1,40000.0
0x005b6b4a99bb54a7a7f6ea85997f4b1e65bfc9e5,40000.0
0xd9676e27dd1409cd61ccd92c49be46953ac3a03f,39840.637449999995
0xb62636879d65fef0689b7681d2392ff16af369f3,39773.77732
0x384d4050a97105d23a9316d1d0b33b8ab8e2d779,39000.0
0x766672cc5ad387a860bb51f4c8eafeb77b0c2ac8,37495.709846
0xc37094542b0e8c3ce1f1599d3e4eb1d4146bbbd4,35820.65
0x517a0dc7fa1d60ff16fcc89684fd6cf18ae6fcd7,35500.0
0x9d4de005c376f831f95eddec1371e055bcc9ba0c,35320.035784
0x1f3ca206e5a3113ad1ef9af57c6effe7c77d2d19,35000.0
0xb04912529e15de4853152dc413004117c680444b,35000.0
0x3e954acc458ed59da013a405e8a24ad312b7ec11,34945.108329
0x649fad0b5b1d8105d328cff0a9a0e58b70eaa274,33304.7
0x145a3e86eb318aa6d669942b39a6d397c8294625,33097.88
0xeca153a8a1ec8311e131b5e1b600389f9ae56dc6,32100.0
0x9ef4b562c81c6c18a3cc8d22301d06e64c11bec5,31347.71
0xc09503bbf829761f13c74298c5f2a13717f4fd94,30410.9
0x7b89d53fa6ad25d4712c24af5fac2fbaf4c6db4c,30291.6
0xfab077f4a981d34374cec1e8e864b77fb8ce000f,30243.536
0x07acb86762a7046706d8fc27d6754b88d6f9e954,30138.0
0x8f8c2f1127b6d9071f612d4a43a69cb94dd6190f,30109.0
0x1f7b03592d93caf59db71591a8d65a341e41ac84,30000.0
0xa785032c5792a1d4b90cb121acb9adb86dcd0fdc,30000.0
0x4ac5458193ee65034f06333bd36a178f5aa4101c,29113.5
0x06a2e2de6835f2f5e41f25af427897f591c448de,28990.87007
0x6c3f4be3e6a332deb5c9bb43361733d84670188e,27964.0
0x91925d59674d8ce8d6f1f337ed0acc09f461fe3d,26977.79
0x47719ca4d601adf107c311620374a66a423ca65a,26343.3
0x3b7b9efc250d67afab9fe646765a43b788fe9b57,26005.0
0xbc9e1152c4efdb717ffb6b509f1c5f3152e2a4da,25821.504096
0xdadf702963487a31b7e5f0bb6703b6ee281ff840,25096.978026
0x132ec066433f663251a17b151a84232c581051a5,25037.0
0xf66f15907e8d2d6c249b71c323712e3fe51361e5,25010.0
0xcf0ea1947d8cd37d8ad498522d0facb7c0aab69b,25000.402892
0xaade4a1db9088b4db9bc3104fa224b2c5545afb9,25000.0004
0x3d3e9dcf3cbf6e1be36bd630123ad39588be5bcd,25000.0
0xc672a40a2f0341a68824b5065519babb32a15620,25000.0
0x3ab1ab14e34c30bbf811dfa07513b4a47fc53c4b,25000.0
0x9f4a714b9834a0681917b6254dac1b80f953dae9,25000.0
0xa00c0ffe895344329a79bdbb868ec61c81cfa436,25000.0
0xe0cccb5812b963285ad69fe53a1fa21449266015,25000.0
0xb9bf1d1ce7b9d61f493af96e87699c95be4119f4,24139.0
0x955fd250d753242ae39dea6c45e75090168db55a,23713.666549
0x7be731e9dfcf190d8c86b78f9d68f232e74a62b4,23000.0
0xfeca9d1b4fbaf0cb495daaa253ad2ba112f2ccd2,23000.0
0x51e0f1b89c4a0375513e17d3e606f957114a3eee,22300.357468000002
0x2d6217fbb6c3d54705e603d93967891bacf48e5b,22000.0
0x1498f023999607de77a12e9a90f54a537705b2b7,22000.0
0x400e89868a30d8b5aca268fd702474c558931968,21995.650753
0xa02d96c776a0a3d86ef07e45264114e1136a2794,21000.0
0x801e1fb5a82af2159a1c0748bf26c9fcea647c90,21000.0
0x6a078ebcdf819b1826f0f034a1ed15bc5e5ad6df,20924.707613
0x735e446b2da03e8823a65b1ef69b44c5b523a467,20380.0
0x70997179f7ff376c3f126c81ae53ae28e34f55a0,20000.0
0xdc431443989943dfeb3ebff478f28025aecc5ca5,20000.0
0x3cd4c4b74fa8532c3fa7468646f0dff1759a60a2,20000.0
0xe67f9347bb9f14dffa0f5aec3fc4093ae3e26ef7,20000.0
0x7a88f3a4f09458241b22b0748a566c07356669df,20000.0
0x5167c222021a55224f6c027f09c458ac8173dcc4,20000.0
0x9145d9dff735e057c5b2502a05065c3958334087,20000.0
0x64057bcb46c0a36b6736026d4c7c9124dd373e14,19992.21
0x742d2d758638fd64500334365c4ee7b5fd80f713,19400.0
0xa0836e59067abd84c53c934cca66857983d8c6ad,18974.118201
0x0cd9a83321e0221c27b17998585ef1f1446f4fa4,18772.484615
0x3385669ae4da77c3bddfd2ae227e07c2bb487001,18191.055222
0x770cae92c96982bfef9b2b6cbfa77820622e95b2,18000.0
0x0b8990f7fa2ab2d5f127d346d699e7c252b2541f,17917.8077
0x3b900f918b1038b28b360740feb7a04433346ae1,17589.790916
0xb1cddf7c6f8c1d5a1ac6af26df078a20f8b63b7e,17510.4141
0x3d701b6741341c0932966dc4d5ee100fd7c64795,16542.27
0x286fc731180ea2b5cc4383618d2abd685a177579,16000.0
0x11258f0dd4fee7063ec3cc8cf6673672102b7d16,15514.93
0x53befe00568bc3401e15bf9eba673b4cb105f22e,15014.73
0xe624dd84f44854c8fb473158b1151ff4200d9ecf,15000.0
0xff026b29ceebd39036249e4468fdcb3c6ff662a6,15000.0
0xb371cbabb295074a016c8cf0014eca890c815854,15000.0
0x841133bbcaeaaac91a01a631190d2e2b218354b1,14604.88418
0xb543d460799d23ce7a42cb4fc8ddb649bed4718e,14500.0
0x56507182e86e16fd736d8d40cb04d81183dbf420,14465.011552
0xe38b4bd8e3235e24ee92737ab90fb745d44fa5be,14394.38306
0x1547fd43e6eda3c5ea45052c1d481f7c879a7cb0,14326.0
0xb983a404679edfbd0e859160d2799f180c95c695,14197.522825
0xa1784015ce1b658c948e11fcb439d2c17d7b3a61,14007.203988999998
0xe67fceabee1e3e6a0e7cd016b4bf01b6d442f9c4,14000.0
0x4ca3830dc241a5fdcb8555d80fff9165d0d07f90,13837.584575
0xf58c12a4c5e76c40b719f54fd216fed5088f6b0b,13400.0
0x16c1d8b5a2c23f46f74d98f2b49d2c731d0dd2fc,13195.0
0xa614e5b8dd9e631d4c3a18783a575f6632e259df,12800.0
0xc37d12a6967845c2bc7a9f6cd3938e8ee06aeb24,11690.141747
0x80d440a39383bbf230eca694f67e95f3422a83d9,11120.253963
0x862fdff40a1399f16f6b8f60b93197bdd7940451,11068.4314
0xe32593f3400559c0112754ff3139fac4c229dd5d,11060.0
0x78f7e74e9a61c5f0e269d855f7656bb878b2d142,11038.03
0xd8136e7cf6ebe8df4b2d00d6930fe512be5750a6,11015.281708999999
0x54b58de8ef457251c4de748d297b81dbbcf5c027,11000.0
0xc1014013b02e47784c44fa264ebf5c5439f6a3ad,10901.814856
0xc2d5c025dfff74a315f37ae94e9c152eff52c0b7,10861.019837
0xd08bf3cb0cf916679fca0594727dd038b85c8061,10800.0
0xc8668e11a624848595c9b98606653616e9ed2ff8,10636.083053
0x28981f578a582655cd13fe85d082f6ac253b0330,10507.74
0x9f604ee75c01d50cd477205debbd187b6798a3a2,10500.0
0x8d34cc4d0f2eabd1550637671a1a6f58ebc6a1b0,10500.0
0x5048f44ddcd25fab9554afdc4e9202bbfdde7b06,10158.0
0x1a98dccef666978f872e04068c6b27d58edb3e23,10107.523361999998
0x2d8b8cac8813b017931bfcd8cc4c62caae1bf534,10081.01
0x9b25888baf3e80307ea24acf53666d9d31ab1703,10025.5928
0x562e753560bd3aeb7283e8783a8dd2fc5a7789a6,10001.0
0x8b752741add595bd04d38b4d1219f8c1bd43b068,10000.0
0x2933cc6d062e60cfdddbae0c740ae5bc52c7dee2,10000.0
0xb98132ee80bc0edd82e741e5368d6f17893528ac,10000.0
0x22acf060a72dbe2f2940eb3af7ac2118fb9a645e,10000.0
0xd645dd8789b1ab0407e4e0409f9768804cf24ebb,10000.0
0x3f91b1ae33dee6f3fe8524e323b2a6fbe708fd08,10000.0
0xdcbf59ddb06a3c70186903070e7e496d416fb18e,10000.0
0x992f199780918b90404eace3810e0b10cf73287c,10000.0
0xdc501ead319a96e445456425db390f116a97db37,10000.0
0x0a154caf8343bde5c6919bdcdfffa26c07682404,10000.0
0x9b0168b7f06f65155d6af515b46ded1c349e6c30,10000.0
0x000d751ef5aa1002231af8d8233b0c143a16000f,10000.0
0x4a6cb5d1c48f4827c3cff3d08636f3adcd016df4,9900.0
0xbd4be7d0fc9c527b0827bbf537e1a81c0ba0d49f,9570.0
0x3db994cb89b4de13633237316108702ff6622507,9133.23
0xefa5601c22ec6708f80eb8d1cef71017e06cc342,9000.221612
0xb54b52dddeac9dd841937586e2637cb88d3169d9,8991.599999999999
0x289e2340943141d82437489e9312ee8a1126f227,8732.0
0x6797cbe552b848c5d93903a028406e8ef81bc330,8686.0942
0xb1a0d5aa951a74497de1207538a6351bc3eb4192,8212.403576
0x4b9f2c2707ea0bdc5631b1f8b45256a5da861225,8000.0
0x3db99f17ac3987d4535fdfac55c4fcc303d87070,7378.825816
0xc3723bc531d315eccd0fdd5e617e2c8f84822c31,7283.922588
0xc076c76f92a2d2e1cee98a8f7a91da174cda1cf5,6848.799066
0x49b352ffc9a138c5dd4ab86ecc48849b51818caf,6759.857787
0x77af6089f3fe8c821a0626a9255bf657f0705470,6735.152365
0x1a103797de2d5276eb9f3558c95323c99836ac76,6666.67
0x1d124ac35a3a12efe3629d9414be2bde5bb6252a,6663.408647
0x7bd80b295547f1d2eb114dbdc205ec34914f911c,6651.7
0x49895fc7cccbea9e4cef3267ab1f8e429798523c,6601.0
0xa8d212ab62edc67d93cd8fb2407a3b5122eadae2,6445.178717
0xb4445adbfe9a30e590db02c07fb7cd2729a9d6e9,6402.0
0x03b2620a2f2b6d36ac569064462b9dff2eb6a61a,6400.0
0xa89a90a11e20b61814da283ba906f30742a99492,6392.99
0x6c3525271c58bcccdd3eb54bc5890b23320dbbd4,6310.857104
0x8c83f6c966daaf590c72037f4a951fed626028fb,6233.38
0xb4ed39f23ad4befe0bd44605e1f3f8935256235b,6100.0
0x33fb77864e2e2a08994a3a782ce2bd8c4ab372b5,6069.386722
0x8b0ec168f66b7f99c401a0f5e06f5feaa0d14bd9,6001.0
0xb13dec27ccf0a52f8fa9a9b8b213764823dc2609,6000.0
0x661da97be73c42129799c1f018b14411c7a0633a,6000.0
0x3b8c1d5f330be6379e9166aa8cad92f58ebe3d9e,5993.2
0xbfd89fa7f2be1d7c15aa5bb5e3ab0fc3e3160604,5900.0
0x808b2c3b5ab2367dd4049ecc1aae30b6740ed66b,5600.0
0x6ef7f0c39b024321b2053a63745af506903d02a3,5549.564692
0xe5c7553cbf5729212c2ede294daa4ce540ed5948,5500.0
0x8cf5f9922816df0613afcefb3bfe5df13d46e696,5455.929252
0x8977c2a8ef486eb34758fb0e1fa79fb5f149c923,5370.0
0x35e97561f0873bf20a53a12850b07fafb6d15a18,5328.938271999999
0xb4b256a085a7bfcc9ec1bf050d1cf2ea8036c4b1,5295.0
0x943093e2cb00e51fd7a149945a4f0445bd59ba42,5197.73801
0x04c827a27554ed92acc3ebbdb147a6028a4ba44f,5139.0
0x0885b046647f2fd62d77651ef587554a5ef29747,5100.0
0x9f0575e7e11a1ca8ecd9027515353b5797dfd36b,5045.0
0xc11bb59b2e8503e4c88bed7fe7c39e8253169a62,5000.0
0x85a8464bb7874697c7162ada94a20a1f1c180e78,5000.0
0xb9d4b778ec636f3928eff627e1b7d42f79844a31,5000.0
0x9bec8941ab9251b224fc2a018b581edfc11ad58b,4995.8
0x03ba0f51042d27b0d23d1058f32b444bff702e2c,4989.848113
0x6cd0267a1ec495185eef92078d04b89973ade215,4985.849381
0x33ba1f4f9ea6d99649e00fbf74829e118d9ef5f7,4906.7275
0x34573885cecaebd470b7a409d7fd1301b6bf0ed7,4840.799842
0xb8c870a790c7b62a8edb2ca87903dfb5cf4e5d6b,4825.550433
0xa2446b7d332811aeb2565addd8830483318dd86b,4747.93
0x5dd92d583bc27f1b0d55afef8af8d0f36445eb48,4649.172683
0x523e59fe877a4f669789fd60714ebe077ac9e4e6,4385.8
0x2212fa9578395fb569779049030e6dbacf834bde,4285.0
0x3a9ef440956ac7ade145a8f211e8fc3a87404d91,4064.9906600000004
0xe5930ae03cd687dbab7f6425ac107e653fef587f,4014.863781
0x320497c81beef92ac0fbc77c30c6e936fc31e2b6,4000.0
0x6950f31f2ace9c9e295437f3c1ca1454ea2dae40,4000.0
0x42204b0e4baa5412dc183e3e4f09bf8a4b010834,3921.9299999999994
0xb59d0bb514f3d13c7a972a63402f488023f6bb94,3900.0
0xae3146b8146247cd6990ef047b2157ece876b064,3600.0
0x419aec208e53542e6b87a35eb02eae5297d44340,3503.077279
0xc0612a7f678a8331765db7545b6940d2683184f4,3473.6764
0xc551597d2719e58e00ab3a850427618b93707780,3444.0
0x5fa7b0b21a88e1efb9b61af348fd4ea114edea3f,3282.402
0x9f28de97dfe546b8ade74bad417920f8eccd4a2b,3148.810746
0x51a429e4793cc57b5083b56f8c7ba0ec25ec5f26,3118.0
0x5d00691faaaa7cd4453ded1b0fd1ea6d2bdebaaa,3033.708312
0xaa16b38a9db4afaa8494acd0193ca80a10108944,3010.0
0xa3aeb572f77aacc0a66d5c889989d95d8ebe97c9,3000.0
0x1e3779f1d93048074ec810df8d9d3967520e9f3b,3000.0
0x9a6ab326eea535795089b924a9a369751b15a46f,3000.0
0xcc1e7fba26731d1bcfda4dc43a497f092888bfd0,3000.0
0x3e54a93662e72ec1beb6501d5a21723858318a52,3000.0
0xb594146a49786a2c9ca739ef5693d3214c18f0ce,3000.0
0xdbba2a3c8cfabe9c8857fc4162701be814c485c3,2934.269495
0x6eb55afda144dab4193e95e090830ec3e5eeef64,2897.0
0xaaa841e370b7d6be61048e2068d7c8761ad8be6d,2845.0
0x368043bf8e7b7c5f0244a92cc56b92eb8c25608c,2765.0
0xc62394e8b9ddcd409df16073d2eef37a8e6fa408,2755.0
0x78a688d97c43ff1e39493960a165075bc93dd804,2745.0
0xe126291ecdde231039260269f02c00f272e382cb,2700.0
0x717474d71bb64cecc0828553c57a571d6deb3bab,2601.8
0x5fad7d88e222d44b4b38aa0b44ed98f0a178dfe4,2595.35
0x5ede5624727afab885c140107eb2d4e4ed0d7f82,2500.45
0xaed1fede78b772f655ecb3bd42e1339268b7464f,2389.15
0x18579afce580aff14ce1a8d4b2aa42cb80afed32,2300.0
0x278afb88cf5105bb0dc24f31af4f6379cc8e39a2,2200.0
0xe67dd0776d635c2198328e4257248d8998b592fb,2186.15067
0x613617f70a89155d6382408399e3eceef214cee6,2123.00097
0x61d73a0c7d70380bb0c8dc95672e0acfce7653d8,2112.305824
0xba70a7da292a2796f0cff44f3243a4c749f4a5bb,2100.0
0x6b19a4bd1564b81c7fc4b80a8027375859b85d17,2085.828555
0x4ea3ed6c57399bd487cf77440050bc6c2558cb05,2080.0
0xe4e56f75134c51c2b2a1092216e79aa759404814,2023.0
0x1bf5442738ef9f1125b5bfd39301f7ee5d0b16a5,2000.0
0x45389fe18a27e8992c07497ce80ea1fae1be8f4e,2000.0
0x13d7f53ab3ab58224a63bb34f7f334a13c5d280b,2000.0
0x3ea1e9bc57e46ff0cf79abfe01c3010e832bc399,2000.0
0x55f9c4655cf563a3a4d1094fcd21307d46ea620b,2000.0
0xc1f9007e51228b0e77d2582e120de59aa7cae158,2000.0
0x65b198d52591dc2f83bbfaa449c83080cb3fc2ec,2000.0
0x8356423606ad0def6382f4f355e50f490adfa6a8,2000.0
0x0374446109fabf1ab62d4d2b3d32c8c4c29ef479,2000.0
0x9188dcc0550ba9768b06eaa219813e455cdb0b00,1995.8
0x6ea26e3345d06d389990ceab3e1a8cbefa4addc1,1937.219594
0xd95a6d12cbd624055478b41582ed9b573d9d8441,1900.0
0x6bf76672d26166bdbfa773917658ddcfd8893727,1887.263408
0x19de50ed94d8d8e5cd50a66079b18925cf5d5cfb,1884.92875
0x45c03f742f126aaa9624044f50d88b72e74629b8,1667.001622
0x163c08757728f681fce71586df56cb7c902e057c,1657.373585
0xc31f45f5c78e8eaadd9bbf52ab46386ae0b7ae23,1499.8
0x6ff200437b7353d8c648d67b5e8c1c781148ab03,1492.9
0x4c405c89b9b200a1b99094874b65c0dbbe74377c,1324.142599
0x44ce4008845051cde434cab341ed13eec890efbe,1300.0
0xa93859127844677e7d9f47d32f4d84cc87d2c4cd,1250.0
0x031ffdbcadf0e62e2a9ea888a908ca41531a0842,1233.0821
0x2ff677b9b699d6c510b6dc77f348fa02aace061a,1200.0
0x10353ab1ba46f591ec816d18bff7f35221f169ef,1198.0
0x4995f82ada671dbd8652d35f49e7cb13d07e516d,1151.95
0x9b6d6094035b98f74924669ba0eb2ba6dae39efa,1148.661371
0x597f69f219bdd716bfb5c6c496f68990cbf1395a,1100.0
0x2a2d2c95d9278559672b71e81703b3870cd9341d,1050.0
0x2e28bf0ab7a8ed3ea72bf08bca6d62cf09314b77,1050.0
0xc019cb5770281a19d005a50346a903aebdc271a6,1011.010444
0x6a39b7e7381613ebaa2942d963e9edded161023a,1010.0
0x7f7e1d9fd588d1611a3cf594f870ae3ea27be6d9,1005.0
0xdd4dc3ae6ae894c005d88d4a13660293ea3fc0a7,1000.0
0x1517d2fac84d8a68dcd31e492392159d34e1b885,1000.0
0x17d853316c7df02c1dd503a9e69434626e7c4652,1000.0
0x71d0bf3b03970efea00610e5ef688d641d14a915,1000.0
0x76d115ae426d376d7208680e49435503472b6d80,1000.0
0x85633334fe85d313b1284a64fb2797a4d38a9b4c,1000.0
0x795eec610064f6c68b2476fe0cf8a1e48446ff40,1000.0
0x1031b88501caaa435e83592f49a5c9884ab71fb3,1000.0
0x43255e66400c9fb49df41165e94d8b13929072ec,1000.0
0x881e33ef51a2acd6986604d36fc91e48afee66a4,998.8
0xdcd8a83165d62352012efa3c81c19b5c740d7e5a,998.0
0x223df109c3f343adaaaf63ec130bdbd855411781,997.0
0x47c605270112eb5655c0474c739a2d00e96c3dfa,994.8
0xa010a25b299d5f4a4508e86a2cc2464231198e5f,994.76
0x90ca9576ac643713d193e94c03b5da6ba6e92112,971.499652
0xe17630180ffee14c36ee5b20ac9e7fc9b20212ac,969.08
0xe71b4104ff77d5f992c54e86d0f566015dfa6c4c,968.83145
0x3df0582080bb1587bf27256f3bf757401d8759a2,961.66
0x665c1d5c85f57e5497d8fcbe702e65756f7a1f83,861.45
0xfec02d0fad6e48f906770cdcb1e21677a939580e,855.0
0x437962e06c445d9295915ec5f35c626e4d4fb2e6,855.0
0x37643dd00ea3900e82b3950c9c7d0f006703afc2,854.29
0x30e69ff915f2bfd299d466ef4f2712090cfc4c5c,836.6252
0x637542bb4946c188fc7b7ad356fef92fca69c283,807.124479
0x01b7c78e12365cbcfb92816d41a74f0849f4ee51,804.48
0x238e7a32ff3472e86525255a8e9648c814772e1f,787.1478
0x1fc8bd5ac407dee2f423d3dbe52b63088f6a5eb0,760.0
0x02ffce8b7a28a418dfb5645bbd70991084619597,753.52
0x7440e7116daa70e3315c25dded85bf13886a2756,744.39
0x48680f2f230dd564898270b1204138b9246a9729,705.04
0x7a11a11beaa99dfea5971c56688d8aa6302ef4ce,700.492745
0x3b3768f950971eab6851b89fb79de6ced55721d5,696.927646
0x577831c413cecc1d16777803b6be74118e0b4fe6,695.0
0x020c0d26ca47bd1b7b69a2cc00b037fc93331d23,684.0
0x505b0d4da3b34b964ecbbd9b306da46bc7f3635f,670.4616
0x9858b262a9b58dc409fc8a9ecd3061010e401757,641.643526
0x1bad806c331c99d655f946178232ac6c47e3d557,634.444777
0x156c2ddd3f1589420bed892de6bfe61850d46dfa,615.62
0x991a28ff7aca2ad8d57a6ceb4d2b574b90dc3098,600.0
0x8ea56fdafbdc368113462df7a0ee79c77f921b9a,542.408
0x02100b136ee674a0d39746db4ca41a79b251aac7,536.893787
0x1b2640dbc1dc304cfd3a50334891051137bc9869,515.0
0x90bcdb70bd978d7c9f123bab44f0f258157a5baf,500.0
0xb35a5bd1e938d471f996e121ae76c36fb8bc50a9,500.0
0xd489911cec7ac2b5a661a6e662555bceaa9dc186,500.0
0xdbd3f0dfa968c6f0eb3ac9129482b04908a9a713,500.0
0x2a63eeb4c725c47483fa88131657c6d902ba7616,500.0
0xce17086e1d4b8a6cd93bfa03ad9d4ee3cb972aa3,500.0
0x73b5626845b2becb2435b5507fe63e6bb4c69dc6,500.0
0x155af4f3b50511901c1faaa4489cb77c093e8845,496.45
0x6bddc50d886d0f944d74eba9319b6333cecfc846,495.8
0x69fa959d84ddd76b31c8ae14c90a907cb526f734,495.8
0x08a428e5a9a54b0b4854ce93e7313f8c96ee0a18,487.13
0xe306b7da25e79df323c58403dc5dd54f5c99abd9,481.63968
0x9ce0aca6a87b1eb53bb56345015e23e890a3f79f,466.245
0x605322f22a7de3fa9866cbe29cc28ab72b6b2b35,416.133328
0x6bf2e9fa46af03370e886e1711162aa27a67dc50,400.0
0xe66bd7b76ae99929904cb94c68946323efdfadc1,387.18697499999996
0xb42ce05422c5cbab396731014c9afe7f3b83c6ca,356.799863
0x0c53855fa311418612a28c094b5397bcbbb3a522,353.65
0x2b5a914c4f178bc25b57122472c5fe0119a1b1d3,325.0
0x270ef64733b44ce6e06024e5da743cacdb9d64ca,301.49987
0xaa9354df651e7798dff9fe7d05813f705f2d0629,300.0
0x5f0d949d249309e572d52e1d1019fac13d617ecf,300.0
0xe0318251581fb3a4b61dfe7a65c3f9069b6f97d9,300.0
0x2acd1ffae48e9887a32c38c200eb6e56000d80f5,279.91
0xbebf6fb94cf889e11fd2ed0625ab160bc857cf67,256.256816
0xa6b9c2ba0e90f58d4e71fdfd69af50e49a136baa,250.0
0x7a1762864d1a2b1eca8f70491f3434a32e53f21b,229.1475
0x958ca73faa8bf5de09d546190c9c3c9642e94b2d,220.0
0x0ba28b4e7a6789d883d00802067b8e121094acf5,214.84
0x2c71ee86c5f122682c127e369068642f3b5e59ee,200.0
0xe90f4e9ce6ad64e28d05cfd8007928a12f6a800a,200.0
0x7eecb53d05fc70e30f284f75ff2d24cd23f9699d,200.0
0x2b309f6b73da860f9ebe6af21046328b613cbbb5,187.848741
0x4fe5291c002064dcb982e63e509f8ca89c8698e8,155.0
0xd0a14f716a7c5302e84f3327a1d48c5be44b24a0,154.9
0xabca62cc670a7ecb415f6987af8c287d0ba4f4e1,151.84
0xa6ad1ea758e1b99880f007eae744a6704c589826,150.0
0xd144abe557affa3626fe81e286ff3c4998e636e0,150.0
0x68ce52a3a1b108a85306854912b44f240647cfbf,150.0
0x5936e3c8cabf97f16aa1c35bb5af90bf07a73947,138.381338
0xfc61a943477b6465b15cf3a03d911162cdbb7b30,137.62
0x082a63394c2937effa36185aeea78476228ee00a,132.774703
0x39fa6ce91c5e65c9e9f1816b5267ecbab94b22e2,129.8
0x024121d7cf3b85841ee700960196840f21441fe9,127.0
0x679a3533f9dab85b91b66948167e59be9bed1f9b,120.017867
0xa548bac022707ea7abab484f014d45d55625e04b,112.34
0xd88cd4b347d2d9c25bea66e8005882c513698a12,111.92
0xaca9bd00246a10f61fe720adc922808a0369859a,109.0
0x51be1fece91685a0c458e042c76a851b7c3adb2e,108.31
0x4efc158fbeecd737a8a951f0587454e8c4c93423,104.565352
0xf1249832f9ab49768f5206b6472e9eb2db68a4f6,102.0
0xbfef88788e5515dd9dac52eebb98c276ea6eb9ca,100.569184
0x537ad51f22cc9d91023999c72060a1c6a82b351a,100.0
0x4ca484df7ce7fc7a9fdaa70667cb7e7954c17ecf,100.0
0x9849dcf14d4e196d7e95c780a7e0ee4fd74d903f,100.0
0xd99f046a1d747b75a6b9f314b6875dd24186a4d5,100.0
0x3e5596011b46616d7ab3daf8c585e063dd4e824f,100.0
0x84bbadb786f8c5a401b426a9d07aa424eeaa6257,100.0
0x3cd0b2388b6fa29458726273bbae27a052eb1bb2,100.0
0x886d52ec31aa16a324b446165e1463c66be28c4c,100.0
0xf4c50bd1ed9f70df747d4e5cb99cbad2b1fa03d6,100.0
0x95dfefe799771662cad765363e478e02801ca81b,100.0
0xfbcb4ad9742ef6629906645709f223f0e2bdffe8,100.0
0xc3f33277a37a6fff2205633f33b7a6aaf00e08e5,100.0
0x6d89f703dfa9c505f70a3718911ccd7710e5a585,100.0
0xaf7436e7649604febf4747095bc24f44d7704764,100.0
0x404bb2b0d7f58cf1fcfcdc74e6309ab990cd6ee5,100.0
0xef404ce2b42f870576dc5c6ca3328bba62a57777,100.0
0x8a9c2609e64548610109355fed0dfb20656c273b,100.0
0x4dea9fd160d28afbd6f15beafeabc9d5ceeaa504,100.0
0xba6138237a3af4000df1e82932e5e4736ecab387,100.0
0x633fa74ace32e170f08ba59ca6eda62e532e68d0,100.0
0x4fde4a98d0fe7bba6245f4864cfcc60244d3bb08,100.0
0x3b82be12cebd8d25d4d7922d160f88f23365a0e1,100.0
0x85fe8ff89929e30d57499eb9fcdc468b6e53e6b7,100.0
0x901f2328a251055894314ba1e6e5f7a8b6bfaa97,100.0
0xc588f661aec2529d82db4cc2cdba68d2a2754439,100.0
0x3b366c314a435c4d2cf990b797dc60c23378500f,99.0
0x9ba1200eadbc5058f7a7c98370528011dddc60e6,98.248524
0x2fe80ff89477c9d7974a59cf0825bd8aec05d7d6,96.35
0x0d537f9f7171fa07f3eb3e06e0a79efe80f137e6,96.28
0x0f5a4379a7c05aecd8661deec79604f87b0d3946,96.227395
0x7ef7df356e6f47c093b20b6954c3e33ff67c833b,95.130861
0x9ff73fab7a26ac5a4f5b638cd10ba3cb5ca5f279,91.668045
0xb71d82df6751f813055cb0ee9d4e5936a7c17d73,91.6
0x5dbe623fd693aefe4ae36ff4af4447a21ac830e8,89.008317
0xf54bb9da7bd974e7fd300116e561b3f5dfe22603,87.295321
0x4ab2351a872f26e7fbef51aa57fe849a0871d9bf,85.8
0x7067aae851693565382adeecc717f27c5ca31601,82.98
0xe40848b8c11efd4bd3005f1f7d12479e56dcd22f,76.800004
0x1ca810e753ca735d14e9915f4fa1cb110d3f0d48,76.442
0x4f9095d0aad79e8a229f44de8416c327022df6aa,68.55
0x3b8262326e3018d525709fbecda85b4f6f6dbb98,66.814396
0x27ea8701b494c6fc92677265e9788e5b1c6f84d7,60.227803
0xbfadfdaf7537db37e8e023864bd2e8d183dfa070,54.862107
0x65307f127574f51ea8ee6be3034c16e7d63e572e,50.019452
0xc3af6146ec63d97e5b8c7130c765a0fb0833ed85,50.0
0x00b9ea272b16f580fa0cbb83fc757d9c5fba207a,48.8
0xf7a5cdff676eee9abb9584b6d45a4995fcdfb124,45.417814
0xa920635d6502b77f263cc7d88020fcf3c163089e,45.0
0xa6bdc1e90b1d0a8577c913e6b133946dd775330a,37.0
0x6d6135ea5fabd63fa17dbf7201c1c854a9e665a7,30.0
0x91c0a4eee7be50c732c0386ada1a9fc5529bb3a7,30.0
0x9c579e49573878d0528aac86ca2129bebd4cd3f8,29.0
0x52b302bca7b32ba7ecacd2cc62c7066bc16014d8,28.637766
0x47d3021dd88655b33f4777503f2e6caebc2f3b4b,25.0
